﻿{
  "ProviderId": "Microsoft.VisualStudio.ConnectedService.Wcf",
  "Version": "15.0.40203.910",
  "GettingStartedDocument": {
    "Uri": "https://go.microsoft.com/fwlink/?linkid=858517"
  },
  "ExtendedData": {
    "inputs": [
      "https://tckimlik.nvi.gov.tr/Service/KPSPublic.asmx?wsdl"
    ],
    "collectionTypes": [
      "System.Array",
      "System.Collections.Generic.Dictionary`2"
    ],
    "namespaceMappings": [
      "*, MernisServiceReference"
    ],
    "references": [
      "Google.Protobuf, {Google.Protobuf, 3.13.0}",
      "Grpc.Core.Api, {Grpc.Core.Api, 2.32.0}",
      "Grpc.Net.Client, {Grpc.Net.Client, 2.32.0}",
      "Grpc.Net.ClientFactory, {Grpc.Net.ClientFactory, 2.32.0}",
      "Grpc.Net.Common, {Grpc.Net.Common, 2.32.0}",
      "Microsoft.AI.DependencyCollector, {Microsoft.ApplicationInsights.DependencyCollector, 2.15.0}",
      "Microsoft.AI.EventCounterCollector, {Microsoft.ApplicationInsights.EventCounterCollector, 2.15.0}",
      "Microsoft.AI.PerfCounterCollector, {Microsoft.ApplicationInsights.PerfCounterCollector, 2.15.0}",
      "Microsoft.AI.ServerTelemetryChannel, {Microsoft.ApplicationInsights.WindowsServer.TelemetryChannel, 2.15.0}",
      "Microsoft.AI.WindowsServer, {Microsoft.ApplicationInsights.WindowsServer, 2.15.0}",
      "Microsoft.ApplicationInsights, {Microsoft.ApplicationInsights, 2.15.0}",
      "Microsoft.ApplicationInsights.WorkerService, {Microsoft.ApplicationInsights.WorkerService, 2.15.0}",
      "Microsoft.Extensions.Caching.Abstractions, {Microsoft.Extensions.Caching.Abstractions, 1.0.0}",
      "Microsoft.Extensions.Caching.Memory, {Microsoft.Extensions.Caching.Memory, 1.0.0}",
      "Microsoft.Extensions.Configuration, {Microsoft.Extensions.Configuration, 3.0.3}",
      "Microsoft.Extensions.Configuration.Abstractions, {Microsoft.Extensions.Configuration.Abstractions, 3.0.3}",
      "Microsoft.Extensions.Configuration.Binder, {Microsoft.Extensions.Configuration.Binder, 3.0.3}",
      "Microsoft.Extensions.DependencyInjection, {Microsoft.Extensions.DependencyInjection, 3.0.3}",
      "Microsoft.Extensions.DependencyInjection.Abstractions, {Microsoft.Extensions.DependencyInjection.Abstractions, 3.0.3}",
      "Microsoft.Extensions.DiagnosticAdapter, {Microsoft.Extensions.DiagnosticAdapter, 1.1.0}",
      "Microsoft.Extensions.Http, {Microsoft.Extensions.Http, 3.0.3}",
      "Microsoft.Extensions.Logging, {Microsoft.Extensions.Logging, 3.0.3}",
      "Microsoft.Extensions.Logging.Abstractions, {Microsoft.Extensions.Logging.Abstractions, 3.0.3}",
      "Microsoft.Extensions.Logging.ApplicationInsights, {Microsoft.Extensions.Logging.ApplicationInsights, 2.15.0}",
      "Microsoft.Extensions.Options, {Microsoft.Extensions.Options, 3.0.3}",
      "Microsoft.Extensions.PlatformAbstractions, {Microsoft.Extensions.PlatformAbstractions, 1.1.0}",
      "Microsoft.Extensions.Primitives, {Microsoft.Extensions.Primitives, 3.0.3}",
      "Microsoft.Win32.Primitives, {Microsoft.Win32.Primitives, 4.3.0}",
      "Newtonsoft.Json, {Newtonsoft.Json, 12.0.2}",
      "System.AppContext, {System.AppContext, 4.3.0}",
      "System.Collections, {System.Collections, 4.3.0}",
      "System.Collections.Concurrent, {System.Collections.Concurrent, 4.3.0}",
      "System.ComponentModel, {System.ComponentModel, 4.3.0}",
      "System.Console, {System.Console, 4.3.0}",
      "System.Diagnostics.Debug, {System.Diagnostics.Debug, 4.3.0}",
      "System.Diagnostics.DiagnosticSource, {System.Diagnostics.DiagnosticSource, 4.6.0}",
      "System.Diagnostics.PerformanceCounter, {System.Diagnostics.PerformanceCounter, 4.7.0}",
      "System.Diagnostics.StackTrace, {System.Diagnostics.StackTrace, 4.3.0}",
      "System.Diagnostics.Tools, {System.Diagnostics.Tools, 4.3.0}",
      "System.Diagnostics.Tracing, {System.Diagnostics.Tracing, 4.3.0}",
      "System.Globalization, {System.Globalization, 4.3.0}",
      "System.Globalization.Calendars, {System.Globalization.Calendars, 4.3.0}",
      "System.IO, {System.IO, 4.3.0}",
      "System.IO.Compression, {System.IO.Compression, 4.3.0}",
      "System.IO.Compression.ZipFile, {System.IO.Compression.ZipFile, 4.3.0}",
      "System.IO.FileSystem, {System.IO.FileSystem, 4.3.0}",
      "System.IO.FileSystem.AccessControl, {System.IO.FileSystem.AccessControl, 4.7.0}",
      "System.IO.FileSystem.Primitives, {System.IO.FileSystem.Primitives, 4.3.0}",
      "System.Linq, {System.Linq, 4.3.0}",
      "System.Linq.Expressions, {System.Linq.Expressions, 4.3.0}",
      "System.Net.Http, {System.Net.Http, 4.3.0}",
      "System.Net.Primitives, {System.Net.Primitives, 4.3.0}",
      "System.Net.Sockets, {System.Net.Sockets, 4.3.0}",
      "System.ObjectModel, {System.ObjectModel, 4.3.0}",
      "System.Reflection, {System.Reflection, 4.3.0}",
      "System.Reflection.Emit, {System.Reflection.Emit, 4.3.0}",
      "System.Reflection.Emit.ILGeneration, {System.Reflection.Emit.ILGeneration, 4.3.0}",
      "System.Reflection.Emit.Lightweight, {System.Reflection.Emit.Lightweight, 4.3.0}",
      "System.Reflection.Extensions, {System.Reflection.Extensions, 4.3.0}",
      "System.Reflection.Primitives, {System.Reflection.Primitives, 4.3.0}",
      "System.Reflection.TypeExtensions, {System.Reflection.TypeExtensions, 4.3.0}",
      "System.Resources.ResourceManager, {System.Resources.ResourceManager, 4.3.0}",
      "System.Runtime, {System.Runtime, 4.3.0}",
      "System.Runtime.CompilerServices.Unsafe, {System.Runtime.CompilerServices.Unsafe, 4.5.2}",
      "System.Runtime.Extensions, {System.Runtime.Extensions, 4.3.0}",
      "System.Runtime.Handles, {System.Runtime.Handles, 4.3.0}",
      "System.Runtime.InteropServices, {System.Runtime.InteropServices, 4.3.0}",
      "System.Runtime.InteropServices.RuntimeInformation, {System.Runtime.InteropServices.RuntimeInformation, 4.3.0}",
      "System.Runtime.Numerics, {System.Runtime.Numerics, 4.3.0}",
      "System.Runtime.Serialization.Json, {System.Runtime.Serialization.Json, 4.3.0}",
      "System.Runtime.Serialization.Primitives, {System.Runtime.Serialization.Primitives, 4.3.0}",
      "System.Security.AccessControl, {System.Security.AccessControl, 4.7.0}",
      "System.Security.Cryptography.Algorithms, {System.Security.Cryptography.Algorithms, 4.3.0}",
      "System.Security.Cryptography.Encoding, {System.Security.Cryptography.Encoding, 4.3.0}",
      "System.Security.Cryptography.Primitives, {System.Security.Cryptography.Primitives, 4.3.0}",
      "System.Security.Cryptography.X509Certificates, {System.Security.Cryptography.X509Certificates, 4.3.0}",
      "System.Security.Principal.Windows, {System.Security.Principal.Windows, 4.7.0}",
      "System.Text.Encoding, {System.Text.Encoding, 4.3.0}",
      "System.Text.Encoding.Extensions, {System.Text.Encoding.Extensions, 4.3.0}",
      "System.Text.RegularExpressions, {System.Text.RegularExpressions, 4.3.0}",
      "System.Threading, {System.Threading, 4.3.0}",
      "System.Threading.Tasks, {System.Threading.Tasks, 4.3.0}",
      "System.Threading.Thread, {System.Threading.Thread, 4.3.0}",
      "System.Threading.Timer, {System.Threading.Timer, 4.3.0}",
      "System.Xml.ReaderWriter, {System.Xml.ReaderWriter, 4.3.0}",
      "System.Xml.XDocument, {System.Xml.XDocument, 4.3.0}"
    ],
    "targetFramework": "netcoreapp3.1",
    "typeReuseMode": "All"
  }
}